{"ADD BOOKMARK":{"class1":0.0481695568,"class2":4.4827586207,"class3":3.2},"ADD MARKER":{"class1":0.1888246628,"class2":51.9310344828,"class3":25.7777777778},"ADD MEMO":{"class1":0.1021194605,"class2":43.9655172414,"class3":38.1777777778},"ADD_HW_MEMO":{"class1":0.0732177264,"class2":30.6551724138,"class3":15.0666666667},"ADD_RECOMMENDATION":{"class1":0.0038535645,"class2":0.1724137931,"class3":-5.204170428e-18},"BOOKMARK_JUMP":{"class1":0.0616570328,"class2":2.5517241379,"class3":1.9111111111},"CHANGE MEMO":{"class1":0.0308285164,"class2":49.4827586207,"class3":29.4666666667},"CLEAR_HW_MEMO":{"class1":-3.053113318e-16,"class2":0.4482758621,"class3":0.5555555556},"CLICK_RECOMMENDATION":{"class1":4.510281038e-17,"class2":0.1379310345,"class3":0.0888888889},"CLOSE":{"class1":1.7552986513,"class2":78.3448275862,"class3":46.3777777778},"CLOSE_RECOMMENDATION":{"class1":0.0192678227,"class2":0.4137931034,"class3":0.1111111111},"DELETE BOOKMARK":{"class1":0.0308285164,"class2":1.8965517241,"class3":1.6},"DELETE MARKER":{"class1":0.0154142582,"class2":6.7586206897,"class3":4.9333333333},"DELETE_MEMO":{"class1":0.0038535645,"class2":1.0689655172,"class3":0.6},"DELETE_RECOMMENDATION":{"class1":0.0019267823,"class2":1.084202172e-18,"class3":1.084202172e-18},"GETIT":{"class1":0.0828516378,"class2":4.3103448276,"class3":9.5111111111},"LINK_CLICK":{"class1":-4.33680869e-18,"class2":0.1034482759,"class3":3.469446952e-18},"MEMO_JUMP":{"class1":0.0019267823,"class2":0.1724137931,"class3":0.2},"NEXT":{"class1":5.633911368,"class2":1524.3103448276,"class3":894.4222222222},"NOTGETIT":{"class1":0.0115606936,"class2":0.7586206897,"class3":1.8666666667},"OPEN":{"class1":1.9942196532,"class2":100.6206896552,"class3":59.9111111111},"OPEN_RECOMMENDATION":{"class1":0.0289017341,"class2":0.4827586207,"class3":0.1333333333},"PAGE_JUMP":{"class1":0.1021194605,"class2":19.0689655172,"class3":12.7333333333},"PREV":{"class1":0.9768786127,"class2":631.4137931034,"class3":344.9111111111},"REGIST CONTENTS":{"class1":0.2447013487,"class2":1.2413793103,"class3":1.110223025e-16},"SEARCH":{"class1":0.0173410405,"class2":1.2413793103,"class3":0.4444444444},"SEARCH_JUMP":{"class1":-8.67361738e-18,"class2":0.0689655172,"class3":0.0888888889},"UNDO_HW_MEMO":{"class1":0.0134874759,"class2":5.5862068966,"class3":2.4444444444}}