{"ADD BOOKMARK":{"class1":4.625,"class2":21.3333333333,"class3":2.0,"class4":88.0},"ADD MARKER":{"class1":16.375,"class2":333.8333333333,"class3":138.0,"class4":394.5},"ADD MEMO":{"class1":1.375,"class2":67.5,"class3":12.0,"class4":49.5},"ADD_HW_MEMO":{"class1":2.75,"class2":5.0,"class3":0.0,"class4":25.0},"ADD_RECOMMENDATION":{"class1":2.5,"class2":0.0,"class3":0.0,"class4":0.5},"BOOKMARK_JUMP":{"class1":0.5,"class2":48.0,"class3":0.0,"class4":37.0},"CHANGE MEMO":{"class1":0.125,"class2":15.6666666667,"class3":9.0,"class4":7.5},"CLEAR_HW_MEMO":{"class1":-2.775557562e-17,"class2":0.6666666667,"class3":0.0,"class4":0.0},"CLICK_RECOMMENDATION":{"class1":0.0,"class2":0.6666666667,"class3":0.0,"class4":2.5},"CLOSE":{"class1":5.375,"class2":99.1666666667,"class3":47.0,"class4":99.5},"CLOSE_RECOMMENDATION":{"class1":3.125,"class2":5.5,"class3":0.0,"class4":22.5},"DELETE BOOKMARK":{"class1":0.125,"class2":4.5,"class3":2.0,"class4":3.0},"DELETE MARKER":{"class1":0.0,"class2":42.0,"class3":22.0,"class4":10.5},"DELETE_MEMO":{"class1":0.0,"class2":1.5,"class3":0.0,"class4":0.5},"DELETE_RECOMMENDATION":{"class1":0.125,"class2":-6.938893904e-18,"class3":0.0,"class4":0.0},"GETIT":{"class1":3.25,"class2":20.1666666667,"class3":0.0,"class4":37.5},"LINK_CLICK":{"class1":0.0,"class2":0.5,"class3":0.0,"class4":0.0},"MEMO_JUMP":{"class1":0.0,"class2":2.0,"class3":0.0,"class4":0.0},"NEXT":{"class1":126.5,"class2":3370.8333333333,"class3":4392.0,"class4":1943.5},"NOTGETIT":{"class1":0.0,"class2":3.5,"class3":0.0,"class4":1.5},"OPEN":{"class1":7.25,"class2":133.5,"class3":73.0,"class4":116.5},"OPEN_RECOMMENDATION":{"class1":3.375,"class2":5.3333333333,"class3":0.0,"class4":22.5},"PAGE_JUMP":{"class1":1.0,"class2":37.8333333333,"class3":61.0,"class4":12.5},"PREV":{"class1":31.5,"class2":1524.0,"class3":3154.0,"class4":372.0},"QUIZ_ANSWER":{"class1":0.0,"class2":1.3333333333,"class3":0.0,"class4":2.0},"QUIZ_ANSWER_CORRECT":{"class1":0.0,"class2":3.6666666667,"class3":0.0,"class4":13.0},"REGIST CONTENTS":{"class1":0.625,"class2":0.0,"class3":0.0,"class4":11.0},"SEARCH":{"class1":0.125,"class2":1.8333333333,"class3":0.0,"class4":4.5},"SEARCH_JUMP":{"class1":0.125,"class2":1.1666666667,"class3":0.0,"class4":2.5},"UNDO_HW_MEMO":{"class1":0.125,"class2":1.0,"class3":0.0,"class4":0.0}}