{"ADD BOOKMARK":{"class1":0.0482625483,"class2":6.5882352941,"class3":3.5,"class4":2.21875},"ADD MARKER":{"class1":0.1891891892,"class2":67.0,"class3":25.1923076923,"class4":27.25},"ADD MEMO":{"class1":0.0424710425,"class2":45.0588235294,"class3":32.7692307692,"class4":43.9375},"ADD_HW_MEMO":{"class1":0.0540540541,"class2":8.9411764706,"class3":23.8461538462,"class4":25.15625},"ADD_RECOMMENDATION":{"class1":0.0038610039,"class2":0.2941176471,"class3":1.734723476e-18,"class4":-1.734723476e-18},"BOOKMARK_JUMP":{"class1":0.0617760618,"class2":4.1764705882,"class3":0.8076923077,"class4":2.125},"CHANGE MEMO":{"class1":0.0135135135,"class2":54.8823529412,"class3":20.4615384615,"class4":40.78125},"CLEAR_HW_MEMO":{"class1":-3.191891196e-16,"class2":0.4117647059,"class3":0.4230769231,"class4":0.625},"CLICK_RECOMMENDATION":{"class1":4.510281038e-17,"class2":0.2352941176,"class3":0.1153846154,"class4":0.03125},"CLOSE":{"class1":1.7239382239,"class2":86.9411764706,"class3":40.1153846154,"class4":58.0},"CLOSE_RECOMMENDATION":{"class1":0.0193050193,"class2":0.7058823529,"class3":0.1153846154,"class4":0.0625},"DELETE BOOKMARK":{"class1":0.0308880309,"class2":2.5882352941,"class3":1.6923076923,"class4":1.21875},"DELETE MARKER":{"class1":0.0154440154,"class2":7.5882352941,"class3":4.9615384615,"class4":5.0},"DELETE_MEMO":{"class1":0.0038610039,"class2":1.1764705882,"class3":0.3076923077,"class4":0.9375},"DELETE_RECOMMENDATION":{"class1":0.0019305019,"class2":4.33680869e-19,"class3":8.67361738e-19,"class4":1.084202172e-18},"GETIT":{"class1":0.083011583,"class2":1.1176470588,"class3":6.1923076923,"class4":11.65625},"LINK_CLICK":{"class1":-4.33680869e-18,"class2":0.1764705882,"class3":1.734723476e-18,"class4":2.602085214e-18},"MEMO_JUMP":{"class1":0.0019305019,"class2":0.1764705882,"class3":0.1538461538,"class4":0.21875},"NEXT":{"class1":4.8513513514,"class2":1688.6470588235,"class3":728.2307692308,"class4":1163.25},"NOTGETIT":{"class1":0.0115830116,"class2":1.1764705882,"class3":1.5,"class4":1.46875},"OPEN":{"class1":1.944015444,"class2":111.0,"class3":51.6923076923,"class4":75.34375},"OPEN_RECOMMENDATION":{"class1":0.028957529,"class2":0.8235294118,"class3":0.1538461538,"class4":0.0625},"PAGE_JUMP":{"class1":0.0984555985,"class2":17.4705882353,"class3":10.1923076923,"class4":17.6875},"PREV":{"class1":0.7837837838,"class2":680.8823529412,"class3":276.5384615385,"class4":474.0},"REGIST CONTENTS":{"class1":0.2451737452,"class2":2.1176470588,"class3":1.110223025e-16,"class4":1.110223025e-16},"SEARCH":{"class1":0.0173745174,"class2":1.7058823529,"class3":0.4230769231,"class4":0.5},"SEARCH_JUMP":{"class1":-8.67361738e-18,"class2":0.0588235294,"class3":0.1153846154,"class4":0.0625},"UNDO_HW_MEMO":{"class1":0.0135135135,"class2":5.2941176471,"class3":3.1538461538,"class4":3.125}}