{"ADD BOOKMARK":{"class1":0.0482625483,"class2":5.3157894737,"class3":3.5833333333,"class4":6.0,"class5":2.25},"ADD MARKER":{"class1":0.1891891892,"class2":50.8947368421,"class3":23.75,"class4":92.25,"class5":27.1428571429},"ADD MEMO":{"class1":0.0424710425,"class2":45.0,"class3":33.4583333333,"class4":48.5,"class5":41.8571428571},"ADD_HW_MEMO":{"class1":0.0540540541,"class2":38.4736842105,"class3":22.4166666667,"class4":18.5,"class5":8.3571428571},"ADD_RECOMMENDATION":{"class1":0.0038610039,"class2":0.2631578947,"class3":3.469446952e-18,"class4":0.0,"class5":0.0},"BOOKMARK_JUMP":{"class1":0.0617760618,"class2":1.6842105263,"class3":0.875,"class4":10.5,"class5":2.3214285714},"CHANGE MEMO":{"class1":0.0135135135,"class2":44.5263157895,"class3":20.2083333333,"class4":70.25,"class5":41.3571428571},"CLEAR_HW_MEMO":{"class1":-3.191891196e-16,"class2":0.5263157895,"class3":0.1666666667,"class4":0.0,"class5":0.8571428571},"CLICK_RECOMMENDATION":{"class1":4.510281038e-17,"class2":0.1052631579,"class3":0.125,"class4":0.5,"class5":0.0357142857},"CLOSE":{"class1":1.7239382239,"class2":73.2631578947,"class3":39.4166666667,"class4":129.75,"class5":54.2857142857},"CLOSE_RECOMMENDATION":{"class1":0.0193050193,"class2":0.5263157895,"class3":0.125,"class4":0.5,"class5":0.0714285714},"DELETE BOOKMARK":{"class1":0.0308880309,"class2":2.3157894737,"class3":1.7083333333,"class4":1.5,"class5":1.2857142857},"DELETE MARKER":{"class1":0.0154440154,"class2":7.3684210526,"class3":4.7916666667,"class4":11.25,"class5":4.2142857143},"DELETE_MEMO":{"class1":0.0038610039,"class2":0.8947368421,"class3":0.25,"class4":1.75,"class5":1.0},"DELETE_RECOMMENDATION":{"class1":0.0019305019,"class2":6.505213035e-19,"class3":8.67361738e-19,"class4":0.0,"class5":1.084202172e-18},"GETIT":{"class1":0.083011583,"class2":6.1052631579,"class3":6.7083333333,"class4":1.25,"class5":9.6785714286},"LINK_CLICK":{"class1":-4.33680869e-18,"class2":0.1578947368,"class3":1.734723476e-18,"class4":0.0,"class5":2.602085214e-18},"MEMO_JUMP":{"class1":0.0019305019,"class2":0.1052631579,"class3":0.125,"class4":0.5,"class5":0.25},"NEXT":{"class1":4.8513513514,"class2":1493.3157894737,"class3":711.0833333333,"class4":2093.25,"class5":1109.0357142857},"NOTGETIT":{"class1":0.0115830116,"class2":0.5789473684,"class3":1.625,"class4":2.5,"class5":1.6428571429},"OPEN":{"class1":1.944015444,"class2":95.3157894737,"class3":50.375,"class4":147.5,"class5":72.5714285714},"OPEN_RECOMMENDATION":{"class1":0.028957529,"class2":0.6315789474,"class3":0.1666666667,"class4":0.5,"class5":0.0714285714},"PAGE_JUMP":{"class1":0.0984555985,"class2":16.5263157895,"class3":10.4583333333,"class4":38.5,"class5":14.6071428571},"PREV":{"class1":0.7837837838,"class2":626.0526315789,"class3":269.2083333333,"class4":779.75,"class5":444.9285714286},"REGIST CONTENTS":{"class1":0.2451737452,"class2":1.8947368421,"class3":1.110223025e-16,"class4":0.0,"class5":1.110223025e-16},"SEARCH":{"class1":0.0173745174,"class2":1.2631578947,"class3":0.4583333333,"class4":1.25,"class5":0.5714285714},"SEARCH_JUMP":{"class1":-8.67361738e-18,"class2":0.0526315789,"class3":0.125,"class4":0.0,"class5":0.0714285714},"UNDO_HW_MEMO":{"class1":0.0135135135,"class2":4.5789473684,"class3":1.6666666667,"class4":17.75,"class5":2.6428571429}}