{"ADD BOOKMARK":{"class1":10.3333333333,"class2":4.625,"class3":32.3333333333,"class4":88.0,"class5":2.0},"ADD MARKER":{"class1":327.0,"class2":16.375,"class3":340.6666666667,"class4":394.5,"class5":138.0},"ADD MEMO":{"class1":51.3333333333,"class2":1.375,"class3":83.6666666667,"class4":49.5,"class5":12.0},"ADD_HW_MEMO":{"class1":4.0,"class2":2.75,"class3":6.0,"class4":25.0,"class5":0.0},"ADD_RECOMMENDATION":{"class1":0.0,"class2":2.5,"class3":0.0,"class4":0.5,"class5":0.0},"BOOKMARK_JUMP":{"class1":11.6666666667,"class2":0.5,"class3":84.3333333333,"class4":37.0,"class5":0.0},"CHANGE MEMO":{"class1":13.0,"class2":0.125,"class3":18.3333333333,"class4":7.5,"class5":9.0},"CLEAR_HW_MEMO":{"class1":1.0,"class2":-2.775557562e-17,"class3":0.3333333333,"class4":0.0,"class5":0.0},"CLICK_RECOMMENDATION":{"class1":0.6666666667,"class2":0.0,"class3":0.6666666667,"class4":2.5,"class5":0.0},"CLOSE":{"class1":79.3333333333,"class2":5.375,"class3":119.0,"class4":99.5,"class5":47.0},"CLOSE_RECOMMENDATION":{"class1":3.0,"class2":3.125,"class3":8.0,"class4":22.5,"class5":0.0},"DELETE BOOKMARK":{"class1":3.0,"class2":0.125,"class3":6.0,"class4":3.0,"class5":2.0},"DELETE MARKER":{"class1":45.6666666667,"class2":0.0,"class3":38.3333333333,"class4":10.5,"class5":22.0},"DELETE_MEMO":{"class1":0.3333333333,"class2":0.0,"class3":2.6666666667,"class4":0.5,"class5":0.0},"DELETE_RECOMMENDATION":{"class1":6.938893904e-18,"class2":0.125,"class3":6.938893904e-18,"class4":0.0,"class5":0.0},"GETIT":{"class1":32.6666666667,"class2":3.25,"class3":7.6666666667,"class4":37.5,"class5":0.0},"LINK_CLICK":{"class1":1.0,"class2":0.0,"class3":0.0,"class4":0.0,"class5":0.0},"MEMO_JUMP":{"class1":0.0,"class2":0.0,"class3":4.0,"class4":0.0,"class5":0.0},"NEXT":{"class1":2959.6666666667,"class2":126.5,"class3":3782.0,"class4":1943.5,"class5":4392.0},"NOTGETIT":{"class1":6.0,"class2":0.0,"class3":1.0,"class4":1.5,"class5":0.0},"OPEN":{"class1":106.6666666667,"class2":7.25,"class3":160.3333333333,"class4":116.5,"class5":73.0},"OPEN_RECOMMENDATION":{"class1":3.0,"class2":3.375,"class3":7.6666666667,"class4":22.5,"class5":0.0},"PAGE_JUMP":{"class1":16.0,"class2":1.0,"class3":59.6666666667,"class4":12.5,"class5":61.0},"PREV":{"class1":1434.0,"class2":31.5,"class3":1614.0,"class4":372.0,"class5":3154.0},"QUIZ_ANSWER":{"class1":2.3333333333,"class2":0.0,"class3":0.3333333333,"class4":2.0,"class5":0.0},"QUIZ_ANSWER_CORRECT":{"class1":4.6666666667,"class2":0.0,"class3":2.6666666667,"class4":13.0,"class5":0.0},"REGIST CONTENTS":{"class1":0.0,"class2":0.625,"class3":0.0,"class4":11.0,"class5":0.0},"SEARCH":{"class1":0.0,"class2":0.125,"class3":3.6666666667,"class4":4.5,"class5":0.0},"SEARCH_JUMP":{"class1":0.0,"class2":0.125,"class3":2.3333333333,"class4":2.5,"class5":0.0},"UNDO_HW_MEMO":{"class1":-5.551115123e-17,"class2":0.125,"class3":2.0,"class4":0.0,"class5":0.0}}